Metric,Score
Accuracy,0.5588315737651113
Precision,0.6143024618991794
Recall,0.18173410404624277
F1 Score,0.2804888928539566
